epoch,critic_loss,wasserstein_gap,gradient_penalty,gradient_norm,real_score,fake_score,generator_loss,critic_updates,generator_updates
1,-187.0566708615284,304.52317995781016,11.746650925954643,4.140114832623238,395.8807336307944,91.35755399799449,-135.40107183549247,302,61
2,-76.56101480698743,114.1677227399207,3.7606708115299807,2.8821401284230466,277.65376610155926,163.48604336163856,-170.37151836958088,302,61
3,-43.962234080232534,62.06567938596208,1.8103445209809486,2.3009339724944917,179.74100734382276,117.67532795786069,-117.32086097216997,302,61
4,-26.493570851963877,34.80734547242424,0.8313774662894129,1.8898966786087743,141.80041604957833,106.9930705771541,-109.30874502463419,302,61
5,-20.198772278842547,25.60895501698879,0.541018275531712,1.71256870347143,100.64925676307931,75.04030174609052,-75.22381623064885,302,61
6,-16.75781624206644,20.84257411956787,0.40847578782908966,1.6127341587022441,69.4875148874245,48.644940767856625,-46.832163732559955,302,61
7,-15.335191341425409,18.820659005878777,0.3485467689518897,1.5599037882508031,54.32849969927049,35.50784068076026,-34.761547416937155,302,61
8,-15.191303098438592,18.675975966927233,0.34846729094421625,1.5566855819020051,44.746059101938414,26.07008313659011,-24.288587945406555,302,61
9,-14.14958498493725,17.33592744536747,0.3186342467535411,1.5341645581832786,37.17165974118062,19.835732317918183,-18.658713411112302,302,61
10,-12.604505286311472,15.246318337143652,0.26418130385954647,1.488487870093213,26.61930028650145,11.37298196122445,-11.785394105754914,302,61
11,-10.92326489821175,12.984967364380692,0.20617024797872202,1.430716541429229,20.718132284303376,7.733164938129732,-7.161923383591605,302,61
12,-9.413167847702836,11.028828391965652,0.1615660556203482,1.381072860679879,16.16585552001631,5.137027123165841,-4.146103054285049,302,61
13,-8.063208827909255,9.304655585067952,0.124144677368813,1.3348984307800698,12.60960857836616,3.3049530117519645,-2.691256329172947,302,61
14,-6.965858075792426,7.9224851273542996,0.09566270373761654,1.2977486659359458,10.285250250866872,2.3627651157165994,-1.8991890532560036,302,61
15,-6.291409959856248,7.0909840476433965,0.07995740763398985,1.2724282141552856,10.772096348124624,3.681112303392382,-2.862140043470703,302,61
16,-5.816167263005743,6.509373176966282,0.0693205909939199,1.252447437766372,11.318077095297,4.808703923856975,-4.207710970132077,302,61
17,-5.331810238345569,5.933065654426221,0.060125541336686406,1.235378083409063,10.556393227681813,4.623327577893702,-3.482898594903164,302,61
18,-5.046563342707047,5.58017588214369,0.053361255169802946,1.2216739709803601,9.348864484306992,3.7686886090094482,-2.88981913482068,302,61
19,-4.817840007756719,5.315603950165755,0.04977639451845,1.2139403973983613,8.04776800843264,2.7321640608326487,-2.141943953076347,302,61
20,-4.636003465052472,5.09567774131598,0.045967427637452714,1.205724936447396,7.6786464411296596,2.5829687004057775,-1.826017717968245,302,61
21,-4.48137580322114,4.920984715025946,0.043960890282463555,1.2008894835876314,7.697822693167933,2.776837976205329,-1.8302504669447415,302,61
22,-4.292044590640542,4.700788807395278,0.04087442023346558,1.192631695049488,7.225806416758639,2.525017611682415,-1.7506099826976902,302,61
23,-4.141631433505886,4.524933819739235,0.038330237634035924,1.185955359446292,7.004454527370977,2.4795207038077693,-2.01313563295808,302,61
24,-4.002530405063503,4.366515532234646,0.03639851299281053,1.1813021566694146,6.7019026583393675,2.3353871205537917,-1.5556509460582109,302,61
25,-3.844174917960009,4.181436533959496,0.03372616105595764,1.174133447227099,6.282840571360083,2.1014040493412525,-1.5587913601613435,302,61
26,-3.75472398862144,4.075561438964693,0.03208374550923804,1.169851218627778,6.292071874568005,2.2165104333459342,-1.187033148329766,302,61
27,-3.593234227982578,3.8895325952807798,0.029629837163409452,1.1633062978453983,6.154510635931958,2.2649780353099502,-1.5101548452846338,302,61
28,-3.4904484038321386,3.77256485089561,0.0282116444281839,1.1591158742146777,5.412787380190381,1.640222531552149,-1.273014905755637,302,61
29,-3.438030548048335,3.711094987313479,0.027306443354768666,1.1563399295933199,5.39072097344509,1.6796259837138732,-1.1539771267991574,302,61
30,-3.346390154582775,3.609521163220437,0.026313101545913726,1.1533602926115327,5.202894116474303,1.5933729504784013,-1.2479422197478716,302,61
31,-3.271787999086822,3.52035822299932,0.024857022802635336,1.1488894093905064,4.987186506069851,1.4668282851305425,-0.9514404531629359,302,61
32,-3.1844503469025063,3.4225773100821386,0.023812696686174892,1.1456948246387457,4.973331650213296,1.5507543371829964,-0.8521585763722169,302,61
33,-3.1836520978157092,3.425972337359624,0.024232023784162983,1.1468721971606577,5.2171165724315784,1.7911442345291968,-1.2878942372368984,302,61
34,-3.1321104314943025,3.3669905094121466,0.02348800723607473,1.1444932956569243,4.694618441016469,1.3276279360944072,-0.6152114057150043,302,61
35,-3.0524323330020273,3.27122369270451,0.021879135849978158,1.1395614751127383,4.27534021153454,1.0041165175409803,-0.8651156476775154,302,61
36,-3.0228406530342355,3.2407139760768966,0.021787333126420415,1.1392478299456716,3.6481493084586614,0.40743533490435374,0.003780100067130855,302,61
37,-3.013625191931693,3.236590891484393,0.022296570036375266,1.1401816018369815,2.870442213848332,-0.36614867668623563,0.6203497836335761,302,61
38,-2.931315135284765,3.137827285078188,0.020651214688226876,1.1354369536930362,3.5459607903728423,0.40813349776389385,0.40477460867068804,302,61
39,-2.91363736059492,3.11864920957199,0.02050118490325793,1.134667231547122,3.0493880923319336,-0.06926111386015715,0.7411240987846108,302,61
40,-2.86120299235085,3.0606871199923633,0.01994841194107191,1.1322898675274375,2.8864434972060042,-0.1742436211580867,1.0245609859340503,302,61
41,-2.806168988051004,2.9968531644896954,0.019068417617348055,1.129667695389678,2.7480940712948905,-0.24875909445918357,0.844495278767875,302,61
42,-2.8011984813292297,2.9933638391115807,0.019216536656823872,1.1297833844525924,2.3599285791005125,-0.6334352619970673,1.071044605469606,302,61
43,-2.7915361326261863,2.983153527935609,0.019161739468340152,1.1297858874529403,1.7480933679798185,-1.2350601557740906,2.0004542789986877,302,61
44,-2.752022697929515,2.9384640028934603,0.018644130424849244,1.1279919561960838,1.598146879145049,-1.340317121133307,1.5472996779641166,302,61
45,-2.752750276828444,2.9404091029767168,0.01876588304379079,1.1281258092810775,1.494108211865883,-1.4463008972538622,1.989311117373529,302,61
46,-2.729070269508867,2.9124677757553705,0.01833975049574545,1.1267163903507966,1.5636481849217652,-1.3488195940531444,1.7534207357246367,302,61
47,-2.638690293624701,2.808244673226843,0.01695543729595297,1.1213760458870439,1.7070292303499006,-1.101215441137651,1.5359098774487856,302,61
48,-2.676298779367611,2.8553341686330884,0.01790353933978357,1.124786417610598,1.0897288869893709,-1.765605281224314,2.112596909652968,302,61
49,-2.625374824795502,2.796540716231264,0.017116589545710197,1.1219932563257533,1.3180812980227221,-1.4784594196702865,1.6927007351253853,302,61
50,-2.5858638661586686,2.7518316606022664,0.016596779284307993,1.119514462568902,0.8168305795861791,-1.9350010819535777,2.0428715377557474,302,61
51,-2.558202672478379,2.721661577161574,0.016345889828729115,1.1192157181682965,0.8312428071169763,-1.8904187670779347,2.0549282330225727,302,61
52,-2.57042987911117,2.7363107141280016,0.016588082811517628,1.1195450290938875,0.6982620285194836,-2.0380486894818333,2.70782398762273,302,61
53,-2.519786942084104,2.6796699166297913,0.015988297391966576,1.1173040105017604,0.6994865673736034,-1.9801833432118428,2.657669205707116,302,61
54,-2.5358714828428055,2.6962186737565803,0.01603471882030713,1.117244682169908,0.6193003920246137,-2.076918272955331,2.486942256816098,302,61
55,-2.4769436458483436,2.6304620520168585,0.015351840237846338,1.114966733566183,0.3927993421868378,-2.2376627082510896,2.911761144634153,302,61
56,-2.4807151911274485,2.6384709307689542,0.015775573291871327,1.1160157445250758,0.373980591283334,-2.2644903395719678,2.8879457035514173,302,61
57,-2.4964627414349687,2.65541617957172,0.01589534383742077,1.116699368353711,0.41218636234272393,-2.2432298176730705,2.6765575459013218,302,61
58,-2.4166108127066632,2.563959043152285,0.014734823452555482,1.1117701044935264,-0.006841680614758801,-2.5708007288738988,2.952264252744737,302,61
59,-2.413729527533449,2.5640837532400296,0.015035422806418347,1.1126183551668332,-0.4272746348889261,-2.9913583892021354,3.4308038738052375,302,61
60,-2.40119275529653,2.5487509954054626,0.01475582381136814,1.111668231076752,-0.31598825776172396,-2.8647392535249128,3.2850440960438525,302,61
61,-2.3949908199689247,2.5450637328703674,0.015007291479492622,1.1127186018899577,-0.3385195436930617,-2.8835832794622474,3.3345528513681693,302,61
62,-2.3539206886923076,2.4957864556880978,0.014186576929325793,1.1086089240004684,-0.3533173218270801,-2.849103773370484,3.224578022224004,302,61
63,-2.3241302453918964,2.4636001535598804,0.013946990852571086,1.1083652558705666,-0.5624247849826386,-3.026024938665873,3.4889941865303475,302,61
64,-2.3349216637627177,2.4747357842148534,0.013981411649864044,1.108138167305498,-0.9411699688987226,-3.4159057529532157,3.858964747092763,302,61
65,-2.3067978324479617,2.444506248101493,0.01377084139049892,1.107074192028172,-0.6485068747860114,-3.0930131184590968,3.440486502696256,302,61
66,-2.2811910883085615,2.4189322192147866,0.013774112297148006,1.1070301011698136,-0.5439349119705672,-2.962867132048832,3.4944786310928766,302,61
67,-2.2825010566916686,2.4161607441523216,0.01336596846666853,1.1055540643780437,-0.9601577222902352,-3.376318466090998,4.086875233738149,302,61
68,-2.2990141984642736,2.4359909453928865,0.013697674710747619,1.1071507157079432,-0.867050158155971,-3.3030411027963984,3.7780635628055355,302,61
69,-2.261019208178615,2.3958971863550858,0.01348779791509671,1.1058272004916967,-1.58611791102302,-3.9820150994257815,4.258634865283966,302,61
70,-2.231145347980474,2.3602225681803874,0.012907722193149493,1.1034094517594142,-1.432368750196715,-3.79259132031376,4.257450910865283,302,61
71,-2.266144630727389,2.4001478762026656,0.013400324227886631,1.1054800460670169,-1.2195334957530166,-3.619681371215558,3.8966609747683414,302,61
72,-2.232087932477724,2.362440801219435,0.01303528698580648,1.103992485842168,-1.4474108240486967,-3.8098516212591274,4.250808844800855,302,61
73,-2.2277662444193633,2.3587045689292303,0.013093832039909548,1.1042477437202505,-1.3963498629456916,-3.755054428729395,4.017714931828077,302,61
74,-2.210445815561623,2.3393730608043293,0.012892724400299866,1.103013882179134,-1.0283289301819754,-3.3677019920718196,3.7834697568514306,302,61
75,-2.1942207413596035,2.3207042813301086,0.01264835434768423,1.102063453750105,-1.20402579692914,-3.524730081959868,4.113048845627269,302,61
76,-2.1784297008782825,2.302799456956371,0.012436975740414384,1.1012828136911454,-1.528742396969669,-3.8315418517550097,4.3425836084318945,302,61
77,-2.1690357767588258,2.2903544421227564,0.012131866453129131,1.1001031710612064,-1.5657761507723111,-3.8561305986927046,4.52662353437455,302,61
78,-2.1783286145586054,2.302247629655118,0.012391901055400242,1.101431555305885,-1.461962850332655,-3.764210478063451,4.215306201186336,302,61
79,-2.1862166071964415,2.310619277669894,0.012440267338923222,1.1014545441463293,-1.3420041762847479,-3.6526234499271344,4.198626087337244,302,61
80,-2.16118595043555,2.2831082857207745,0.012192233587423993,1.1006089539717365,-1.8894694869634727,-4.1725777747319235,4.610167226830467,302,61
81,-2.154864469506093,2.2769929575209584,0.01221284923754287,1.100004073405108,-1.8267517684656658,-4.103744728922449,4.706132862655843,302,61
82,-2.1612826474257654,2.2842957910322985,0.012301314316862664,1.1006344252864257,-1.9161779967118178,-4.200473786781955,4.681853089176241,302,61
83,-2.1532896223249813,2.274855281343523,0.012156566511685436,1.0996630495747193,-2.1419439470481794,-4.416799227232175,4.821081847441001,302,61
84,-2.102561755685617,2.2205196697980365,0.011795791643147436,1.0983978770426568,-2.3175093767954813,-4.538029047629691,5.118291577354807,302,61
85,-2.1170632359602592,2.2343592825314857,0.011729604643245307,1.0977370079779467,-2.0523876540412176,-4.286746935240481,4.642253703758365,302,61
86,-2.1228033392042516,2.241461797265817,0.011865845582269084,1.098394107739657,-2.014897183891361,-4.256358982316706,4.832169548409884,302,61
87,-2.098012610776535,2.2160344753439065,0.011802186315188444,1.0982374098916716,-1.8859580014863155,-4.101992477644358,4.411557318734341,302,61
88,-2.1305224487915733,2.2503155071214334,0.011979305729677049,1.0993717293076168,-2.252456938120111,-4.502772446894488,4.816319408963938,302,61
89,-2.0920526364583845,2.2076523150039824,0.01155996783358964,1.0966275476462004,-2.2537652576551928,-4.4614175710309025,5.1079926764378785,302,61
90,-2.1006092330477886,2.2174111802056924,0.0116801943201325,1.0976889050559493,-2.2348544159040644,-4.452265598225278,4.726931731231877,302,61
91,-2.088237226601468,2.2049622962016935,0.011672507316207156,1.097784546826849,-2.289736866580927,-4.4946991635474145,5.102367150978964,302,61
92,-2.094019901081426,2.2112662267211256,0.011724632446166892,1.097891839134772,-2.3947646761473442,-4.606030901536247,4.9413771551163475,302,61
93,-2.0418466473652037,2.1512836703401526,0.010943702167664833,1.0939180681247584,-2.5281230205707006,-4.679406689492282,5.079929211100594,302,61
94,-2.0715303247831516,2.1850678289173455,0.01135375008098041,1.0963032624579423,-2.4924179894837324,-4.677485820078692,5.287975659135912,302,61
95,-2.0777810581077802,2.1930132859590037,0.01152322279591582,1.0966725049429382,-2.7321103681742356,-4.925123652875029,5.345907938284952,302,61
96,-2.0483151713743903,2.1597394402453443,0.011142426683869682,1.0950352079820949,-2.223288069571683,-4.383027508953549,5.013917680646553,302,61
97,-2.0632347701401113,2.1784101657520067,0.01151753902059073,1.0965060244332876,-2.4717801868027407,-4.650190353393555,5.167701254125501,302,61
98,-2.057447785079874,2.170163957488458,0.011271616770108754,1.0956537234072654,-2.7132696888057994,-4.883433643383103,5.298473897527476,302,61
99,-2.0360491848149835,2.1461843911385694,0.011013521211505528,1.0942675183150943,-2.4208469919564313,-4.567031380751275,4.980172403523179,302,61
100,-2.05428887770468,2.167157749466549,0.011286886968643757,1.0956123364682229,-2.7656399900254036,-4.932797736876847,5.52948088333255,302,61
